time,iteration,cost, 
0.0256978,0,1.59047e+06, 
0.511624,1,1.59047e+06, 
0.942327,2,10.6529, 
1.25062,3,10.6529, 
1.40128,4,10.6529, 
1.65972,5,10.6529, 
1.71689,6,10.6529, 
1.9899,7,10.6529, 
2.20977,8,10.6529, 
2.35968,9,10.6529, 
2.71779,10,10.6529, 
2.81082,11,10.6529, 
3.22687,12,10.6529, 
3.62771,13,10.6529, 
3.92514,14,8.71319, 
4.1087,15,8.71319, 
4.67805,16,8.71319, 
