time,iteration,cost, 
0.0318441,0,21290.7, 
0.354143,1,21290.7, 
0.71263,2,21290.7, 
0.906769,3,21290.7, 
1.10359,4,21290.7, 
1.22302,5,21290.7, 
1.50647,6,21290.7, 
1.74257,7,21290.7, 
1.95079,8,21290.7, 
2.19828,9,21290.7, 
2.49642,10,23.8297, 
2.74226,11,23.8297, 
3.18775,12,9.92767, 
3.73888,13,9.92767, 
3.93532,14,9.92767, 
4.26092,15,9.92767, 
4.95678,16,9.64613, 
