time,iteration,cost, 
0.0141586,0,110369, 
0.333579,1,110369, 
0.46598,2,110369, 
0.66994,3,22.3126, 
0.830736,4,20.213, 
1.07314,5,20.213, 
1.30011,6,20.213, 
1.50187,7,19.9124, 
1.7687,8,19.9124, 
2.09788,9,15.7124, 
2.44603,10,15.7124, 
2.72072,11,15.7124, 
3.09428,12,15.7124, 
3.35078,13,15.7124, 
3.67753,14,15.7124, 
3.95032,15,15.7124, 
4.31963,16,15.7124, 
4.68388,17,15.7124, 
