time,iteration,cost, 
0.0145891,0,2.2863e+06, 
0.870741,1,2.2863e+06, 
1.19057,2,22.1805, 
1.65897,3,22.1805, 
2.11081,4,22.0712, 
2.63255,5,22.0712, 
3.22487,6,22.0712, 
3.51867,7,22.0712, 
3.96245,8,22.0712, 
4.39172,9,22.0712, 
4.77949,10,19.973, 
